employee_id,first_name,last_name,email,phone_number,title
E0001,Elvera,Watkins,ewatkins0@printfriendly.com,220-900-9537,admin
E0002,Derry,Conry,dconry1@google.cn,561-935-0092,assistant
E0003,Davide,Bettis,dbettis2@nifty.com,219-123-5447,admin
E0004,Herold,Bridgen,hbridgen3@sun.com,470-805-1701,assistant
E0005,Vivyanne,Kasparski,vkasparski4@amazon.com,964-236-8088,admin
E0006,Ruthann,Fetherby,rfetherby5@scientificamerican.com,935-874-5351,physician
E0007,Wilek,Gianolini,wgianolini6@nba.com,678-613-9658,admin
E0008,Farly,L'Amie,flamie7@cisco.com,201-871-7967,assistant
E0009,Jae,Danko,jdanko8@fc2.com,110-392-6693,nurse
E00010,Shana,Speeding,sspeeding9@ibm.com,501-726-0302,admin
E00011,Ring,Bellas,rbellasa@tiny.cc,792-628-6453,physician
E00012,Adair,Tustin,atustinb@java.com,138-900-6559,nurse
E00013,Vania,Humbatch,vhumbatchc@shinystat.com,822-966-5002,assistant
E00014,Germain,Fossick,gfossickd@reverbnation.com,223-375-4605,nurse
E00015,Ursala,Davydochkin,udavydochkine@parallels.com,833-932-5687,assistant
E00016,Simona,O'Heyne,soheynef@rambler.ru,672-174-0614,nurse
E00017,Margeaux,Twinberrow,mtwinberrowg@businessweek.com,451-815-7611,physician
E00018,Gage,Ramsby,gramsbyh@adobe.com,986-362-7913,admin
E00019,Hedda,Luberti,hlubertii@apple.com,946-187-7251,physician
E00020,Drake,Holwell,dholwellj@nymag.com,182-418-5263,admin
E00021,Smitty,Butterick,sbutterickk@ning.com,361-596-2264,physician
E00022,Faythe,Cassedy,fcassedyl@yellowpages.com,378-986-1522,assistant
E00023,Roscoe,Sutterfield,rsutterfieldm@yandex.ru,925-853-5691,physician
E00024,Theressa,Dan,tdann@cnbc.com,256-237-4496,assistant
