person_id,first_name,last_name,email,dob,address,zip,insurance
PER1,Pansie,Kitson,pansie.kitson@seesaa.net,5/6/1965,"7 Shelley Avenue",55442,INS1
PER2,Tomi,Ancliff,tomi.ancliff@disqus.com,12/19/2004,"34 Logan Road",55440,INS4
PER3,Daune,Kelsell,daune.kelsell@meetup.com,1/15/1956,"41681 Lukken Terrace",55440,INS3
PER4,Devinne,Bygate,devinne.bygate@ed.gov,2/27/1974,"31665 Declaration Park",55441,INS2
PER5,Bert,Brazear,bert.brazear@harvard.edu,6/5/1968,"75 Merrick Parkway",55441,INS5
PER6,Randolph,Truran,randolph.truran@tuttocitta.it,8/5/1970,"9737 Sheridan Court",55448,INS3
PER7,Avigdor,Dyton,avigdor.dyton@dedecms.com,5/18/2016,"59 Hoepker Court",55448,INS5
PER8,Iris,Jonsson,iris.jonsson@illinois.edu,12/27/1954,"66 Daystar Junction",55449,INS1
PER9,Donnell,Guess,donnell.guess@xing.com,4/8/1990,"2790 Del Mar Alley",55446,INS4
PER10,Rubie,Ineson,rubie.ineson@yale.edu,10/5/1974,"8981 Monica Lane",55446,INS2
PER11,Heall,Staggs,heall.staggs@creativecommons.org,3/30/2022,"13853 Novick Crossing",55449,INS4
PER12,Jase,McIvor,jase.mcivor@army.mil,8/7/1982,"273 Charing Cross Place",55440,INS5
PER13,Demott,Jamme,demott.jamme@digg.com,11/20/1973,"74 Parkside Plaza",55448,INS3
PER14,Ewell,McCorry,ewell.mccorry@pen.io,4/6/1999,"15 Summer Ridge Point",55446,INS2
PER15,Sauncho,Dumphrey,sauncho.dumphrey@huffingtonpost.com,4/29/2021,"9687 Straubel Parkway",55444,INS1
PER16,Eldon,Philipet,eldon.philipet@infoseek.co.jp,10/28/2019,"3343 4th Circle",55447,INS5
PER17,Kenneth,Eat,kenneth.eat@nps.gov,3/23/1992,"2554 Bultman Trail",55445,INS4
PER18,Fanchon,Ibbett,fanchon.ibbett@latimes.com,10/22/1963,"25 Manufacturers Junction",55449,INS2
PER19,Monro,Cossar,monro.cossar@ezinearticles.com,5/16/2003,"55045 Merchant Center",55442,INS1
PER20,Skyler,Lloyd-Williams,skyler.lloyd-williams@so-net.ne.jp,6/15/1980,"04928 Little Fleur Circle",55445,INS3
PER21,Antonius,Juorio,antonius.juorio@technorati.com,1/20/1992,"316 Shasta Junction",55449,INS1
PER22,Ashley,Fetherstone,ashley.fetherstone@etsy.com,11/13/2014,"07 Lien Alley",55448,INS2
PER23,Edwina,Mapledoore,edwina.mapledoore@exblog.jp,6/9/1953,"42 Sunnyside Trail",55444,INS4
PER24,Jaquenetta,Rosendale,jaquenetta.rosendale@guardian.co.uk,7/30/1988,"813 Browning Point",55447,INS3
PER25,Alexi,Kullmann,alexi.kullmann@whitehouse.gov,10/14/1955,"4558 Park Meadow Terrace",55444,INS5
PER26,Byrom,Darwent,byrom.darwent@ycombinator.com,5/11/1976,"2176 Manitowish Parkway",55446,INS2
PER27,Gregoor,Chinnick,gregoor.chinnick@yale.edu,10/23/1989,"24085 Lighthouse Bay Court",55445,INS3
PER28,Curtis,Lindsell,curtis.lindsell@constantcontact.com,8/5/1983,"9440 Kennedy Way",55448,INS1
PER29,Robbyn,O'Driscoll,robbyn.o'driscoll@odnoklassniki.ru,9/30/1989,"05 Havey Trail",55440,INS5
PER30,Freddie,Sibbe,freddie.sibbe@jalbum.net,4/20/1956,"5744 2nd Center",55442,INS4
PER31,Nevile,Andriveaux,nevile.andriveaux@cbslocal.com,1/15/1995,"51 Artisan Court",55446,INS2
PER32,Barbey,Autie,barbey.autie@cisco.com,9/18/1977,"5 Becker Crossing",55446,INS5
PER33,Madalena,"Di Bartolomeo","madalena.di bartolomeo@mac.com",4/14/1968,"06610 Bluejay Pass",55446,INS3
PER34,Ave,Trounson,ave.trounson@webnode.com,3/26/2011,"79 Ramsey Terrace",55448,INS1
PER35,Belita,Siaspinski,belita.siaspinski@altervista.org,12/3/2021,"907 Fallview Junction",55448,INS4
PER36,Rory,Durek,rory.durek@ucsd.edu,4/26/1981,"58 Blue Bill Park Court",55449,INS2
PER37,Mahala,Charnick,mahala.charnick@csmonitor.com,9/3/1983,"8371 Bunker Hill Parkway",55447,INS5
PER38,Sharlene,Stanney,sharlene.stanney@illinois.edu,6/26/2004,"8 Annamark Parkway",55443,INS3
PER39,Merell,Hackworthy,merell.hackworthy@istockphoto.com,10/26/1996,"92560 Anzinger Parkway",55447,INS1
PER40,Guenevere,Matteini,guenevere.matteini@creativecommons.org,9/24/1993,"8 Knutson Hill",55446,INS4
PER41,Toinette,Conneau,toinette.conneau@nasa.gov,6/26/2018,"4193 Mayfield Place",55447,INS3
PER42,Raquel,Littleton,raquel.littleton@reuters.com,5/11/1976,"15 Green Ridge Way",55448,INS5
PER43,Nicholle,Wordsworth,nicholle.wordsworth@jiathis.com,11/2/1984,"609 Sundown Avenue",55441,INS2
PER44,Rhonda,Beek,rhonda.beek@wunderground.com,10/3/1970,"002 Lakewood Gardens Way",55449,INS4
PER45,Robina,Hoxey,robina.hoxey@jiathis.com,10/4/2012,"4 Myrtle Terrace",55442,INS1
PER46,Virginie,Shildrick,virginie.shildrick@ucsd.edu,10/2/2010,"15 Granby Point",55448,INS3
PER47,Fernandina,Trewhela,fernandina.trewhela@psu.edu,8/5/2020,"1 Basil Lane",55443,INS2
PER48,Joanne,Blatcher,joanne.blatcher@disqus.com,9/25/1962,"2 Loomis Street",55443,INS1
PER49,Van,Bootherstone,van.bootherstone@toplist.cz,5/31/2012,"37 Ronald Regan Alley",55446,INS5
PER50,Gerry,Onians,gerry.onians@unicef.org,4/17/1986,"75 Continental Pass",55448,INS4
PER51,Kerby,Kristufek,kerby.kristufek@google.ca,6/9/1983,"9 Nancy Junction",55442,INS5
PER52,Willard,Brosnan,willard.brosnan@howstuffworks.com,6/25/1985,"95 Schlimgen Parkway",55447,INS2
PER53,Fields,Weekley,fields.weekley@ucla.edu,3/12/1990,"64 2nd Park",55443,INS4
PER54,Vince,Maude,vince.maude@zimbio.com,10/15/2021,"429 Rutledge Place",55448,INS1
PER55,Genvieve,Hurdiss,genvieve.hurdiss@usda.gov,9/4/1995,"1 Talmadge Pass",55442,INS3
PER56,Keely,Giocannoni,keely.giocannoni@meetup.com,5/17/1991,"23878 American Crossing",55441,INS1
PER57,Cicely,Mucci,cicely.mucci@guardian.co.uk,3/23/2012,"11008 Village Hill",55449,INS3
PER58,Kerry,Blaiklock,kerry.blaiklock@eepurl.com,12/21/1954,"70509 Mifflin Junction",55444,INS2
PER59,Tiffani,Warrack,tiffani.warrack@yahoo.com,7/12/1962,"898 Pierstorff Plaza",55441,INS4
PER60,Midge,Cutridge,midge.cutridge@networkadvertising.org,4/25/1986,"847 Kingsford Drive",55447,INS5
PER61,Ricki,Mohring,ricki.mohring@opensource.org,5/12/2016,"8058 Kennedy Junction",55446,INS4
PER62,Waldemar,Gowrich,waldemar.gowrich@addthis.com,5/22/2021,"5718 Portage Pass",55447,INS5
PER63,Bertie,Lemmer,bertie.lemmer@indiegogo.com,3/26/1964,"9 Evergreen Parkway",55443,INS1
PER64,Shaine,Parrot,shaine.parrot@cisco.com,11/21/1979,"730 Manufacturers Avenue",55449,INS3
PER65,Harbert,Bumphries,harbert.bumphries@dedecms.com,8/18/1973,"862 Kim Center",55448,INS2
PER66,Alaster,Hordle,alaster.hordle@cloudflare.com,10/5/1994,"261 Birchwood Terrace",55443,INS3
PER67,Kristal,Nacey,kristal.nacey@army.mil,3/14/1987,"8277 Darwin Circle",55442,INS1
PER68,Jennie,Greenley,jennie.greenley@reuters.com,4/18/2008,"6 Carey Road",55440,INS4
PER69,Jacinda,Woollard,jacinda.woollard@hatena.ne.jp,3/7/2022,"6 Hovde Court",55440,INS5
PER70,Armin,Kinneir,armin.kinneir@bandcamp.com,6/2/2016,"8755 Westport Park",55442,INS2
PER71,Bonni,Feifer,bonni.feifer@naver.com,12/18/2010,"547 Sherman Plaza",55441,INS1
PER72,Cale,Quadrio,cale.quadrio@samsung.com,11/30/1960,"4684 Dixon Hill",55440,INS5
PER73,Horst,Godwyn,horst.godwyn@miitbeian.gov.cn,10/18/2021,"55 Sage Crossing",55446,INS4
PER74,Remington,O'Halloran,remington.o'halloran@statcounter.com,11/17/2009,"8 7th Park",55441,INS2
PER75,Livvyy,Pennycock,livvyy.pennycock@hubpages.com,2/27/1994,"92278 Crest Line Road",55449,INS3
PER76,Tobie,Beckett,tobie.beckett@cloudflare.com,10/20/2001,"455 Fulton Point",55449,INS1
PER77,Ofilia,Mullin,ofilia.mullin@flickr.com,11/16/1965,"5400 Meadow Ridge Court",55448,INS3
PER78,Nowell,Hellewell,nowell.hellewell@pen.io,9/16/1962,"35 Tennyson Avenue",55444,INS2
PER79,Emera,Djorvic,emera.djorvic@unesco.org,1/15/2006,"459 Vermont Drive",55446,INS4
PER80,Anallese,Willgrass,anallese.willgrass@nbcnews.com,7/8/1993,"16 Menomonie Plaza",55445,INS5
PER81,Shurlocke,Burril,shurlocke.burril@google.com.br,6/15/1989,"75 Jenifer Drive",55441,INS3
PER82,Nikkie,Staite,nikkie.staite@ustream.tv,6/17/1950,"8629 Maywood Hill",55447,INS2
PER83,Drusie,Sallenger,drusie.sallenger@godaddy.com,8/6/1987,"4 Starling Circle",55442,INS5
PER84,Edlin,Rhucroft,edlin.rhucroft@slashdot.org,2/3/1988,"95 Harbort Lane",55440,INS4
PER85,Hildegaard,Pack,hildegaard.pack@hud.gov,3/30/1992,"64131 Shelley Place",55440,INS1
PER86,Valentine,Farra,valentine.farra@i2i.jp,4/9/1979,"86527 Buhler Way",55448,INS5
PER87,Berthe,Joskowicz,berthe.joskowicz@shop-pro.jp,11/25/1949,"33 Summerview Pass",55445,INS4
PER88,Cyril,Reckus,cyril.reckus@barnesandnoble.com,5/28/2011,"649 Anzinger Lane",55445,INS2
PER89,Camile,Tabour,camile.tabour@opensource.org,9/25/1956,"7518 Schiller Court",55447,INS1
PER90,Nadiya,Tennewell,nadiya.tennewell@tuttocitta.it,3/14/1961,"42 Lukken Lane",55444,INS3
PER91,Jo,Tander,jo.tander@studiopress.com,7/15/2016,"62770 Arrowood Crossing",55446,INS4
PER92,Loleta,Lewendon,loleta.lewendon@joomla.org,5/7/1969,"745 Dovetail Park",55446,INS5
PER93,Aloisia,"De Bruijne","aloisia.de bruijne@bravesites.com",4/26/2011,"74 Nancy Lane",55444,INS1
PER94,Cherrita,Sivill,cherrita.sivill@elpais.com,12/3/2012,"3554 Del Mar Way",55440,INS2
PER95,Boonie,McGiven,boonie.mcgiven@bravesites.com,7/13/1953,"2161 Derek Junction",55443,INS3
PER96,Ode,Grigaut,ode.grigaut@github.io,4/13/2006,"4151 Esch Avenue",55445,INS3
PER97,Brit,Jaffra,brit.jaffra@stumbleupon.com,5/13/1992,"6 Spaight Crossing",55445,INS2
PER98,Alysia,Sante,alysia.sante@pinterest.com,10/22/1957,"0433 Burrows Pass",55448,INS4
PER99,Alphonso,Upham,alphonso.upham@mozilla.org,2/8/1959,"31 Mariners Cove Road",55449,INS1
PER100,Skipp,McMackin,skipp.mcmackin@forbes.com,9/6/2015,"87 Fordem Way",55443,INS5
PER101,Brigit,Boutell,brigit.boutell@sciencedaily.com,11/3/2003,"85664 Prairieview Parkway",55443,INS3
PER102,Cullie,Bane,cullie.bane@reverbnation.com,4/28/1998,"2735 Coolidge Lane",55446,INS4
PER103,Bartolemo,Kynforth,bartolemo.kynforth@census.gov,7/13/2004,"0 Bobwhite Trail",55448,INS1
PER104,Claudine,Goligher,claudine.goligher@shinystat.com,8/13/1957,"821 Nova Plaza",55446,INS5
PER105,Salvatore,Trowle,salvatore.trowle@people.com.cn,11/7/1987,"21 Holmberg Center",55445,INS2
PER106,Parrnell,Klimsch,parrnell.klimsch@issuu.com,3/17/1956,"6855 Washington Center",55443,INS5
PER107,Maddie,Newgrosh,maddie.newgrosh@wufoo.com,6/19/1973,"27 Sauthoff Drive",55444,INS1
PER108,Jillian,McKeran,jillian.mckeran@meetup.com,4/13/1971,"3723 Hanson Circle",55448,INS4
PER109,Fielding,MacCostigan,fielding.maccostigan@google.de,4/19/1999,"64379 Florence Alley",55449,INS2
PER110,Jsandye,Hubane,jsandye.hubane@upenn.edu,10/20/1987,"5 Sachtjen Court",55442,INS3
PER111,Mara,Messent,mara.messent@google.co.uk,7/19/1999,"74 Debra Street",55448,INS1
PER112,Guinna,Peres,guinna.peres@bluehost.com,4/4/1965,"91 Orin Way",55449,INS4
PER113,Allistir,Feeley,allistir.feeley@slideshare.net,2/11/2014,"5 Sachs Alley",55443,INS5
PER114,Ula,Gimblett,ula.gimblett@blogger.com,12/10/1979,"0 Fieldstone Park",55446,INS3
PER115,Dick,Lill,dick.lill@boston.com,9/22/2011,"6059 Lakewood Avenue",55445,INS2
PER116,Justinn,Karpinski,justinn.karpinski@soundcloud.com,5/6/2011,"2 Lakewood Gardens Avenue",55448,INS3
PER117,Afton,Borley,afton.borley@deliciousdays.com,10/31/1957,"62277 Stoughton Lane",55441,INS1
PER118,Trstram,Seleway,trstram.seleway@bloomberg.com,3/1/1984,"26 Colorado Street",55449,INS5
PER119,Coleen,Mackrill,coleen.mackrill@goo.gl,9/12/1983,"0712 Rockefeller Trail",55447,INS4
PER120,Antons,Tolwood,antons.tolwood@illinois.edu,12/14/1996,"2 Manufacturers Drive",55449,INS2
PER121,Hermann,Domerque,hermann.domerque@themeforest.net,11/26/2013,"2876 Namekagon Place",55445,INS3
PER122,Homerus,Turbitt,homerus.turbitt@spotify.com,5/4/1986,"90 Mifflin Circle",55443,INS1
PER123,Terrance,Sellers,terrance.sellers@plala.or.jp,12/5/1999,"32261 Dovetail Crossing",55444,INS2
PER124,Bonni,Guidera,bonni.guidera@admin.ch,10/13/1970,"44141 Eagan Point",55446,INS4
PER125,Eduino,Sigsworth,eduino.sigsworth@ifeng.com,1/29/1975,"77 Southridge Park",55447,INS5
PER126,Delcina,Shelsher,delcina.shelsher@gnu.org,3/18/1995,"96 Spohn Place",55447,INS3
PER127,Annis,Atyea,annis.atyea@yahoo.com,4/6/1985,"3592 Graedel Avenue",55441,INS2
PER128,Olag,Hysom,olag.hysom@domainmarket.com,9/27/2013,"55265 Merrick Way",55448,INS5
PER129,Caro,Kinnier,caro.kinnier@java.com,6/17/2005,"6406 Arizona Center",55444,INS4
PER130,Scott,Wand,scott.wand@wordpress.org,2/3/1951,"8482 Jenna Center",55444,INS1
PER131,Pat,Denson,pat.denson@bizjournals.com,2/7/2016,"5 Sycamore Center",55440,INS2
PER132,Theadora,Passler,theadora.passler@census.gov,7/6/2008,"6 Linden Alley",55440,INS3
PER133,Isidore,Moen,isidore.moen@chicagotribune.com,9/25/2014,"06 Pennsylvania Trail",55442,INS5
PER134,Justina,Jobbing,justina.jobbing@mac.com,3/27/2020,"047 Knutson Alley",55443,INS1
PER135,Hammad,Hartup,hammad.hartup@1688.com,12/23/1963,"9 Jenna Parkway",55440,INS4
PER136,Orville,Stevens,orville.stevens@amazon.co.uk,5/16/1993,"5741 Knutson Drive",55443,INS2
PER137,Valina,Tolomei,valina.tolomei@reference.com,11/16/2008,"367 Hanson Park",55447,INS5
PER138,Robers,Daskiewicz,robers.daskiewicz@github.com,3/28/2009,"476 New Castle Court",55448,INS1
PER139,Ynes,Blondin,ynes.blondin@51.la,7/26/1993,"67807 Sundown Hill",55449,INS3
PER140,Pip,Poxton,pip.poxton@jigsy.com,2/14/1999,"5803 North Park",55448,INS4
PER141,Stuart,Chancellor,stuart.chancellor@posterous.com,4/28/2009,"1385 Boyd Street",55441,INS4
PER142,Dorelia,Bewick,dorelia.bewick@tinypic.com,4/12/1996,"3 Mockingbird Way",55440,INS1
PER143,Franni,McComish,franni.mccomish@businessinsider.com,6/21/1975,"80 Schmedeman Court",55447,INS5
PER144,Suellen,"De Bruijn","suellen.de bruijn@google.com.au",4/25/2015,"9804 Granby Pass",55440,INS3
PER145,Rochella,Halsho,rochella.halsho@home.pl,10/21/1997,"3703 Colorado Circle",55440,INS2
PER146,Zelda,Behnen,zelda.behnen@unesco.org,11/13/2014,"9604 Canary Parkway",55440,INS4
PER147,Burlie,Beeken,burlie.beeken@pen.io,2/1/1987,"64102 Raven Trail",55448,INS5
PER148,Rancell,Mathou,rancell.mathou@msu.edu,11/13/2014,"65010 Talisman Trail",55441,INS1
PER149,Edita,Widocks,edita.widocks@apple.com,8/11/1954,"37534 Surrey Way",55446,INS3
PER150,Shoshana,Lucien,shoshana.lucien@delicious.com,8/5/1992,"19514 Lien Parkway",55441,INS2
PER151,Inglis,Manuel,inglis.manuel@thetimes.co.uk,1/3/2018,"3375 Oneill Pass",55441,INS5
PER152,Corny,Steinson,corny.steinson@blinklist.com,4/28/2010,"8837 Fairview Crossing",55445,INS1
PER153,Marice,Give,marice.give@hexun.com,7/18/2004,"4 Rowland Hill",55448,INS3
PER154,Derron,Couchman,derron.couchman@xing.com,8/30/1977,"5632 Di Loreto Drive",55447,INS2
PER155,Jenelle,Furtado,jenelle.furtado@dagondesign.com,12/24/2019,"1 Center Crossing",55440,INS4
PER156,Drusy,Pink,drusy.pink@amazon.com,12/22/2000,"1 Pearson Point",55448,INS1
PER157,Domini,Battershall,domini.battershall@nydailynews.com,2/18/1994,"68 Emmet Way",55447,INS2
PER158,Berget,Heigho,berget.heigho@abc.net.au,12/31/1972,"3 Fairfield Lane",55443,INS4
PER159,Etti,Caslane,etti.caslane@constantcontact.com,6/17/1961,"10 Grayhawk Park",55444,INS3
PER160,Felike,Bellino,felike.bellino@google.co.jp,4/18/1987,"10851 Dwight Center",55443,INS5
PER161,Stearne,McGrane,stearne.mcgrane@berkeley.edu,3/4/1969,"7 Linden Court",55441,INS4
PER162,Jacquelyn,Americi,jacquelyn.americi@ucla.edu,2/23/2020,"90 Fremont Crossing",55440,INS2
PER163,Rosette,Bett,rosette.bett@wikia.com,10/26/1992,"2164 Arizona Crossing",55442,INS5
PER164,Raf,Wilber,raf.wilber@meetup.com,12/1/1969,"3 Brickson Park Road",55443,INS1
PER165,Celina,Cockayme,celina.cockayme@oracle.com,4/11/1951,"60 Logan Point",55445,INS3
PER166,Errick,Bussen,errick.bussen@accuweather.com,1/4/1966,"00 Lukken Place",55444,INS4
PER167,Leda,Brownlee,leda.brownlee@1688.com,8/24/2013,"4613 Northridge Terrace",55449,INS2
PER168,Yorgos,Tanzig,yorgos.tanzig@xrea.com,7/30/1992,"7216 Hudson Avenue",55448,INS5
PER169,Adella,Dunnaway,adella.dunnaway@imgur.com,7/19/1982,"6 Green Avenue",55446,INS1
PER170,Gwen,Steljes,gwen.steljes@nps.gov,10/2/1988,"0 Golden Leaf Crossing",55445,INS3
PER171,Dorene,Tomkies,dorene.tomkies@umich.edu,1/5/1951,"62588 Anniversary Lane",55448,INS4
PER172,Arel,Phlippi,arel.phlippi@epa.gov,4/11/2003,"38610 Anzinger Trail",55444,INS5
PER173,Gaelan,Calwell,gaelan.calwell@mlb.com,8/25/2014,"4654 Hintze Alley",55441,INS3
PER174,Huey,Fisk,huey.fisk@latimes.com,6/23/1992,"613 Elmside Alley",55442,INS1
PER175,Isidore,Tuxell,isidore.tuxell@devhub.com,4/20/2000,"0 Schlimgen Street",55446,INS2
PER176,Ward,Drakard,ward.drakard@aboutads.info,7/21/2003,"02532 Forest Junction",55449,INS2
PER177,Tamarah,Bomb,tamarah.bomb@marriott.com,7/9/1995,"9529 Forest Circle",55442,INS4
PER178,Nicki,Ruggier,nicki.ruggier@harvard.edu,6/21/1952,"150 Cottonwood Point",55449,INS5
PER179,Giacomo,Beetham,giacomo.beetham@com.com,7/25/1971,"919 Veith Place",55446,INS1
PER180,Perla,Backwell,perla.backwell@cargocollective.com,9/27/1994,"1 Grayhawk Center",55443,INS3
PER181,Mabelle,Ambrosi,mabelle.ambrosi@mozilla.com,5/23/1965,"913 Stang Crossing",55442,INS2
PER182,Minna,Olivari,minna.olivari@ocn.ne.jp,6/11/2018,"34982 Maywood Lane",55446,INS1
PER183,Sapphira,Gascar,sapphira.gascar@princeton.edu,7/15/1979,"0 Victoria Trail",55445,INS3
PER184,Ive,Heritege,ive.heritege@ted.com,1/12/2009,"99087 Holmberg Center",55442,INS5
PER185,Dorita,Swanborrow,dorita.swanborrow@addtoany.com,6/26/1951,"6 Old Shore Avenue",55444,INS4
PER186,Forrest,Apple,forrest.apple@prnewswire.com,10/6/1992,"22 Banding Way",55447,INS1
PER187,Sancho,MacCoughan,sancho.maccoughan@lycos.com,3/11/1983,"40084 Morrow Crossing",55448,INS3
PER188,Ruthy,Hayball,ruthy.hayball@qq.com,7/5/1955,"59253 Gerald Circle",55444,INS2
PER189,Chucho,Marder,chucho.marder@exblog.jp,6/30/2009,"32938 Kenwood Road",55447,INS5
PER190,Stacia,Tremblot,stacia.tremblot@ed.gov,5/1/2008,"5282 Pierstorff Lane",55441,INS4
PER191,Leone,Champness,leone.champness@redcross.org,10/20/2003,"3942 American Crossing",55449,INS5
PER192,Konstantin,Loseke,konstantin.loseke@privacy.gov.au,8/13/2006,"610 Burrows Way",55449,INS4
PER193,Benson,Yole,benson.yole@1und1.de,8/25/1966,"35 Stang Way",55443,INS3
PER194,Kriste,Linch,kriste.linch@yale.edu,12/2/1983,"7359 Park Meadow Avenue",55444,INS2
PER195,Etan,Pilbeam,etan.pilbeam@cpanel.net,6/9/1961,"939 Anniversary Hill",55446,INS1
PER196,Don,"De Atta","don.de atta@123-reg.co.uk",4/8/1983,"80 Grim Place",55448,INS3
PER197,Nell,Linn,nell.linn@goo.ne.jp,3/21/2020,"9 Dakota Avenue",55448,INS1
PER198,Kacey,Duke,kacey.duke@stumbleupon.com,11/30/1988,"05520 Comanche Terrace",55442,INS4
PER199,Domini,Schroter,domini.schroter@techcrunch.com,3/14/1975,"57 Prairie Rose Hill",55444,INS5
PER200,Kevyn,Mahomet,kevyn.mahomet@moonfruit.com,7/2/2018,"8968 Merrick Pass",55442,INS2
PER201,Isadora,Elford,isadora.elford@moonfruit.com,11/20/1955,"31798 Northland Lane",55449,INS4
PER202,Bradney,Strass,bradney.strass@oracle.com,3/3/1988,"0 Barnett Trail",55441,INS1
PER203,Ariel,Velten,ariel.velten@microsoft.com,11/1/1978,"63 Carpenter Trail",55441,INS5
PER204,Adolf,Mongan,adolf.mongan@acquirethisname.com,10/2/2014,"7249 Golf Parkway",55448,INS3
PER205,Pavia,Josephi,pavia.josephi@google.nl,5/14/2000,"74316 Cherokee Circle",55445,INS2
PER206,Tarra,Yakushkev,tarra.yakushkev@printfriendly.com,6/19/1981,"651 2nd Junction",55448,INS3
PER207,Sawyer,Gooders,sawyer.gooders@github.com,10/24/1961,"33 Marquette Alley",55444,INS1
PER208,Hubert,Pace,hubert.pace@deliciousdays.com,4/1/1969,"8 Maple Wood Court",55447,INS2
PER209,Becca,Glew,becca.glew@netvibes.com,3/4/1956,"5101 Continental Lane",55447,INS5
PER210,Ansel,Edgeworth,ansel.edgeworth@reddit.com,6/5/2020,"77 Harper Plaza",55442,INS4
PER211,Batholomew,Lowman,batholomew.lowman@gravatar.com,9/20/1969,"0 Comanche Avenue",55447,INS2
PER212,Reynolds,Scoates,reynolds.scoates@gizmodo.com,12/3/1976,"1195 Prairieview Lane",55446,INS1
PER213,Kyrstin,Uttermare,kyrstin.uttermare@statcounter.com,6/24/1990,"52385 Butternut Trail",55448,INS5
PER214,Waldon,Imlacke,waldon.imlacke@hao123.com,3/29/1990,"9916 Lakeland Street",55445,INS4
PER215,Sheff,Strauss,sheff.strauss@sciencedirect.com,6/21/1973,"108 Thompson Center",55441,INS3
PER216,Colene,McGrowther,colene.mcgrowther@cdc.gov,5/7/1962,"7029 Comanche Avenue",55445,INS5
PER217,Drucy,Stoffers,drucy.stoffers@typepad.com,6/13/1960,"315 Shoshone Way",55443,INS3
PER218,Nico,Freke,nico.freke@msn.com,10/8/1987,"8 Sommers Terrace",55442,INS2
PER219,Ted,Neylan,ted.neylan@flickr.com,2/28/1949,"0 Johnson Place",55442,INS4
PER220,Evered,Zecchi,evered.zecchi@etsy.com,4/7/1964,"03 Harper Hill",55449,INS1
PER221,Ariela,Outright,ariela.outright@fema.gov,1/26/1963,"329 Oneill Hill",55449,INS2
PER222,Christos,Caple,christos.caple@github.io,8/20/2016,"693 Northwestern Trail",55443,INS4
PER223,Sheilakathryn,Sutherington,sheilakathryn.sutherington@independent.co.uk,10/15/1967,"878 Parkside Road",55449,INS1
PER224,Slade,Schustl,slade.schustl@psu.edu,10/10/1962,"363 Surrey Hill",55441,INS5
PER225,Nady,Matley,nady.matley@un.org,2/3/1980,"78675 Quincy Avenue",55440,INS3
PER226,Darsey,McCabe,darsey.mccabe@bloomberg.com,6/5/1975,"069 Canary Alley",55444,INS2
PER227,Ransell,Aizikov,ransell.aizikov@google.co.uk,3/27/1992,"3 Utah Point",55440,INS1
PER228,Claudie,Olin,claudie.olin@toplist.cz,2/12/1993,"73 Sullivan Avenue",55443,INS3
PER229,Conn,Baddoe,conn.baddoe@i2i.jp,5/24/2010,"8681 Moose Point",55444,INS4
PER230,Idette,Anstiss,idette.anstiss@cloudflare.com,10/8/2017,"89 Dunning Park",55448,INS5
PER231,Iggie,Sherwill,iggie.sherwill@nba.com,10/7/2009,"19461 Huxley Alley",55447,INS3
PER232,Glenna,Ruane,glenna.ruane@sohu.com,2/6/1978,"2480 Hanover Pass",55447,INS2
PER233,Darwin,Klimkov,darwin.klimkov@disqus.com,11/6/2007,"83 Schmedeman Avenue",55446,INS4
PER234,Velvet,Tremberth,velvet.tremberth@qq.com,3/9/1957,"09454 Oak Road",55446,INS5
PER235,Jolene,Sitford,jolene.sitford@multiply.com,4/13/1957,"566 Veith Alley",55448,INS1
PER236,Emilie,Cudde,emilie.cudde@arizona.edu,9/16/1977,"11 Maryland Junction",55447,INS5
PER237,Celestyna,Ratie,celestyna.ratie@twitter.com,10/14/1989,"8 Buell Way",55447,INS2
PER238,Von,Friend,von.friend@unicef.org,3/22/1964,"079 Pearson Circle",55440,INS3
PER239,Idell,Fernley,idell.fernley@github.com,5/31/1960,"07602 Heath Terrace",55444,INS4
PER240,Catarina,Batty,catarina.batty@4shared.com,1/21/1971,"1578 Bobwhite Alley",55446,INS1
PER241,Velvet,Guihen,velvet.guihen@ocn.ne.jp,6/23/2013,"360 Forster Road",55445,INS1
PER242,Donia,Enbury,donia.enbury@github.io,1/8/1962,"2 Sachs Center",55440,INS2
PER243,Ernaline,Mowle,ernaline.mowle@about.com,3/14/2017,"2 Fair Oaks Drive",55447,INS4
PER244,Curry,MacCarroll,curry.maccarroll@jugem.jp,6/16/1984,"85 Kedzie Alley",55443,INS3
PER245,Madison,Rodger,madison.rodger@dropbox.com,11/6/1978,"3 Delladonna Plaza",55448,INS5
PER246,Odilia,Forrington,odilia.forrington@chronoengine.com,10/19/1994,"76987 Comanche Crossing",55447,INS2
PER247,Ashia,Whannel,ashia.whannel@huffingtonpost.com,6/6/1987,"3013 Upham Court",55442,INS4
PER248,Martguerita,Levett,martguerita.levett@amazonaws.com,4/13/1954,"1968 Prentice Parkway",55448,INS3
PER249,Fallon,Marconi,fallon.marconi@constantcontact.com,2/4/2014,"01 Oxford Parkway",55441,INS1
PER250,Sari,Downham,sari.downham@live.com,4/18/2013,"68010 Corry Junction",55444,INS5
PER251,Prentiss,Mackilpatrick,prentiss.mackilpatrick@mlb.com,5/14/1970,"15 Schurz Street",55446,INS2
PER252,Kimberley,Androletti,kimberley.androletti@usa.gov,5/29/1983,"5 Namekagon Circle",55442,INS3
PER253,Lucius,Gornall,lucius.gornall@over-blog.com,1/20/1989,"7025 Washington Street",55441,INS1
PER254,Missie,Corden,missie.corden@last.fm,8/24/2000,"02808 Springview Hill",55445,INS5
PER255,Barrie,Stealfox,barrie.stealfox@surveymonkey.com,6/3/1975,"08 Gulseth Drive",55446,INS4
PER256,Bebe,Giacomazzo,bebe.giacomazzo@cam.ac.uk,6/4/1993,"71 Anhalt Drive",55447,INS4
PER257,Myra,Kenchington,myra.kenchington@sciencedirect.com,7/21/2008,"88882 Oak Valley Point",55442,INS5
PER258,Marty,Lantiffe,marty.lantiffe@boston.com,2/16/1983,"95 Sommers Drive",55449,INS1
PER259,Alli,MacVagh,alli.macvagh@feedburner.com,12/9/2013,"293 Muir Junction",55443,INS2
PER260,Linoel,Beattie,linoel.beattie@cbc.ca,7/13/1959,"658 Mesta Parkway",55442,INS3
PER261,Francis,Dumphries,francis.dumphries@wufoo.com,2/17/1958,"628 Sachs Center",55448,INS4
PER262,Guenevere,Godon,guenevere.godon@jigsy.com,12/1/1968,"437 Arizona Crossing",55442,INS2
PER263,Loutitia,Beatty,loutitia.beatty@wiley.com,2/15/2007,"6 Troy Center",55448,INS3
PER264,Emilie,Thrush,emilie.thrush@i2i.jp,9/19/1976,"1550 Westend Road",55442,INS5
PER265,Konrad,Lyngsted,konrad.lyngsted@t-online.de,1/18/1987,"25 Esker Avenue",55442,INS1
PER266,Timotheus,Alejandro,timotheus.alejandro@ning.com,3/16/1964,"101 Vera Pass",55441,INS5
PER267,Shelton,Scamp,shelton.scamp@zdnet.com,1/22/1965,"9 Browning Parkway",55441,INS3
PER268,Demetria,Mayes,demetria.mayes@xing.com,9/26/1950,"4044 Pierstorff Center",55440,INS2
PER269,Ryan,Elloit,ryan.elloit@wix.com,10/14/1985,"8072 Melody Plaza",55443,INS4
PER270,Hermon,Iannello,hermon.iannello@yolasite.com,5/30/1958,"93631 Elmside Point",55443,INS1
PER271,Quintilla,Yakunikov,quintilla.yakunikov@cnn.com,2/14/2010,"4 Crescent Oaks Court",55446,INS3
PER272,Eloisa,Trayhorn,eloisa.trayhorn@webnode.com,8/10/1973,"3308 Northwestern Parkway",55446,INS1
PER273,Prentice,Ledram,prentice.ledram@pagesperso-orange.fr,11/19/2000,"0 Schiller Pass",55442,INS2
PER274,Orbadiah,Armytage,orbadiah.armytage@engadget.com,9/4/2007,"3 Meadow Ridge Junction",55446,INS5
PER275,Wallis,Croney,wallis.croney@tinypic.com,7/13/2010,"33982 Moulton Plaza",55444,INS4
PER276,Garald,Zuppa,garald.zuppa@cdc.gov,10/16/2021,"4165 2nd Avenue",55441,INS1
PER277,Hermy,Loynton,hermy.loynton@t-online.de,7/17/2013,"98685 Portage Place",55442,INS2
PER278,Levin,Woolacott,levin.woolacott@yale.edu,8/14/1979,"9 Memorial Pass",55446,INS4
PER279,Boonie,Southerill,boonie.southerill@nba.com,9/18/1999,"73627 Mariners Cove Park",55448,INS5
PER280,Alikee,Hiscoke,alikee.hiscoke@ocn.ne.jp,7/10/1979,"32 Hoepker Pass",55440,INS3
PER281,Griff,Gavozzi,griff.gavozzi@multiply.com,4/17/1953,"880 Fallview Circle",55449,INS3
PER282,Thaine,Benka,thaine.benka@who.int,6/4/1992,"7977 Sage Circle",55446,INS2
PER283,Toni,Rushmare,toni.rushmare@usa.gov,10/19/1992,"8 Sutteridge Pass",55443,INS5
PER284,Tanhya,Seyfart,tanhya.seyfart@hibu.com,3/28/1976,"801 Quincy Pass",55449,INS4
PER285,Flossy,Sousa,flossy.sousa@yale.edu,6/30/1995,"056 Lakeland Lane",55445,INS1
PER286,Gale,"de Wilde","gale.de wilde@nydailynews.com",6/4/1959,"355 Derek Place",55445,INS5
PER287,Tawnya,Masdin,tawnya.masdin@cbc.ca,5/28/1974,"4021 Holy Cross Plaza",55442,INS3
PER288,Heddie,Moff,heddie.moff@paypal.com,3/13/1986,"96397 Shasta Crossing",55441,INS1
PER289,Theresa,Traut,theresa.traut@sourceforge.net,11/7/1965,"292 Cordelia Center",55442,INS4
PER290,Mattheus,Giacobilio,mattheus.giacobilio@virginia.edu,11/4/1974,"24745 Mesta Terrace",55445,INS2
PER291,Melantha,Podmore,melantha.podmore@weather.com,8/31/1978,"36 Scofield Junction",55441,INS5
PER292,Adelheid,Cathesyed,adelheid.cathesyed@php.net,6/9/1988,"45655 Judy Terrace",55440,INS1
PER293,Lindy,Batalle,lindy.batalle@vistaprint.com,3/22/1967,"462 Boyd Plaza",55444,INS2
PER294,Edee,Donet,edee.donet@elpais.com,7/18/2002,"682 Eastlawn Avenue",55447,INS3
PER295,Domini,Pietri,domini.pietri@opensource.org,9/14/2015,"5 Holy Cross Crossing",55445,INS4
PER296,Fabian,Chillcot,fabian.chillcot@forbes.com,9/29/1990,"14471 Donald Park",55441,INS2
PER297,Sabine,Shurlock,sabine.shurlock@dion.ne.jp,2/28/2022,"14212 Hoffman Center",55443,INS3
PER298,Duky,Furmston,duky.furmston@cpanel.net,11/8/1990,"502 Chinook Court",55448,INS5
PER299,Caryl,Eddisford,caryl.eddisford@bravesites.com,11/13/1957,"904 Gateway Road",55440,INS4
PER300,Cecil,Hynard,cecil.hynard@eepurl.com,2/13/1993,"0 Meadow Ridge Terrace",55448,INS1
PER301,Cassandra,Heckney,cassandra.heckney@cargocollective.com,1/18/1951,"85 Mifflin Center",55442,INS5
PER302,Kristoffer,Speere,kristoffer.speere@booking.com,11/7/1961,"137 Oak Valley Lane",55442,INS4
PER303,Selby,Jantel,selby.jantel@dot.gov,1/17/2020,"48 Milwaukee Drive",55444,INS2
PER304,Cathe,Courtenay,cathe.courtenay@geocities.jp,10/26/1953,"774 Dovetail Trail",55445,INS1
PER305,Maynard,Brocklebank,maynard.brocklebank@altervista.org,7/7/1955,"00012 Eagle Crest Crossing",55446,INS3
PER306,Neron,Tripe,neron.tripe@mtv.com,11/30/1989,"5 Anderson Lane",55440,INS2
PER307,Dannie,Shoubridge,dannie.shoubridge@amazon.co.jp,12/16/1981,"62685 Orin Pass",55449,INS1
PER308,Vasili,Quirke,vasili.quirke@123-reg.co.uk,3/7/2008,"055 Carpenter Way",55446,INS5
PER309,Carleen,Damiral,carleen.damiral@nps.gov,5/17/1951,"2 Thackeray Alley",55443,INS4
PER310,Jacynth,Scanlan,jacynth.scanlan@earthlink.net,9/24/1958,"10113 Nelson Plaza",55444,INS3
PER311,Mathew,Crafts,mathew.crafts@hibu.com,1/8/2003,"2 5th Trail",55446,INS4
PER312,Pansy,Collick,pansy.collick@weibo.com,5/4/2005,"2 4th Pass",55446,INS2
PER313,Natasha,Parmenter,natasha.parmenter@salon.com,1/8/1954,"8 Waywood Road",55449,INS5
PER314,Dorthea,Presnall,dorthea.presnall@amazonaws.com,7/24/1961,"6 Manley Terrace",55448,INS1
PER315,Coleen,Carff,coleen.carff@bloglines.com,5/25/1951,"58970 Hermina Avenue",55443,INS3
PER316,Buckie,Marriot,buckie.marriot@ifeng.com,8/20/2004,"1011 Dahle Terrace",55442,INS1
PER317,Bettine,aManger,bettine.amanger@newyorker.com,9/22/1969,"3 Prairieview Pass",55440,INS5
PER318,Constanta,Bew,constanta.bew@bizjournals.com,8/27/2002,"29 Spohn Park",55440,INS4
PER319,Wesley,Ranscomb,wesley.ranscomb@photobucket.com,9/26/2013,"3995 Rieder Parkway",55443,INS2
PER320,Madelina,Thirkettle,madelina.thirkettle@eepurl.com,10/14/1957,"763 Carpenter Street",55448,INS3
PER321,Christian,Ziehms,christian.ziehms@dion.ne.jp,3/14/1958,"3 Badeau Center",55440,INS2
PER322,Welch,McNirlan,welch.mcnirlan@google.com.hk,3/30/1962,"44 Reinke Court",55441,INS5
PER323,Stuart,Hacquard,stuart.hacquard@livejournal.com,8/31/2017,"86966 Schlimgen Street",55446,INS1
PER324,Ebeneser,Phifer,ebeneser.phifer@answers.com,8/19/2017,"62028 Paget Park",55441,INS3
PER325,Cirillo,Neville,cirillo.neville@printfriendly.com,7/25/1991,"11 Fallview Alley",55442,INS4
PER326,Ferd,O'Growgane,ferd.o'growgane@theguardian.com,11/13/1977,"13 Sauthoff Place",55446,INS2
PER327,Willetta,Duckerin,willetta.duckerin@studiopress.com,9/7/1965,"629 Texas Court",55444,INS4
PER328,Meghann,Garcia,meghann.garcia@t.co,10/27/2016,"25 Red Cloud Alley",55445,INS3
PER329,Theda,Anchor,theda.anchor@t-online.de,11/21/2018,"78208 Butternut Alley",55443,INS5
PER330,Don,Mellor,don.mellor@trellian.com,5/24/2010,"80911 Moland Pass",55449,INS1
PER331,Sharleen,Chance,sharleen.chance@time.com,8/2/1955,"2057 Nobel Crossing",55440,INS4
PER332,Kalina,Fiennes,kalina.fiennes@hhs.gov,12/22/1976,"82707 Crescent Oaks Alley",55444,INS2
PER333,Loy,Bravington,loy.bravington@wufoo.com,9/8/1978,"46383 Forster Parkway",55442,INS5
PER334,Roderic,Veronique,roderic.veronique@sitemeter.com,8/1/1971,"25836 Hovde Pass",55447,INS3
PER335,Bartie,McGlue,bartie.mcglue@de.vu,11/25/1954,"137 4th Avenue",55440,INS1
PER336,Anna-maria,Sanchiz,anna-maria.sanchiz@so-net.ne.jp,11/15/1982,"0166 Ludington Street",55446,INS1
PER337,Noelani,Treswell,noelani.treswell@huffingtonpost.com,6/6/1961,"631 Hoffman Way",55448,INS3
PER338,Laetitia,Guerrin,laetitia.guerrin@jalbum.net,4/17/1995,"9244 Crownhardt Point",55443,INS4
PER339,Jeanine,Jeandin,jeanine.jeandin@fc2.com,3/12/1975,"67 Algoma Pass",55443,INS5
PER340,Hattie,Mongenot,hattie.mongenot@toplist.cz,3/10/1996,"52 Reindahl Trail",55448,INS2
PER341,Gilbertine,Dubble,gilbertine.dubble@yelp.com,5/28/1956,"1453 Portage Place",55448,INS4
PER342,Rosabella,Joysey,rosabella.joysey@mapy.cz,5/1/2007,"69354 Gina Point",55445,INS1
PER343,Lurlene,Augur,lurlene.augur@wix.com,2/26/1971,"37 Armistice Trail",55444,INS3
PER344,Boycie,Stannislawski,boycie.stannislawski@msn.com,11/27/2004,"62 Continental Alley",55448,INS2
PER345,Wilhelmine,Oxtiby,wilhelmine.oxtiby@linkedin.com,10/17/1981,"2468 1st Road",55449,INS5
PER346,Bernadene,Lince,bernadene.lince@ca.gov,8/16/1975,"6 New Castle Parkway",55447,INS4
PER347,Sloan,Farleigh,sloan.farleigh@about.me,1/22/1963,"4042 Burrows Terrace",55447,INS1
PER348,Netti,Santhouse,netti.santhouse@usa.gov,8/20/1987,"23176 Harbort Park",55441,INS3
PER349,Elfrieda,Withers,elfrieda.withers@weather.com,2/8/1988,"8 Pierstorff Pass",55443,INS2
PER350,Filide,Palumbo,filide.palumbo@newyorker.com,3/30/1991,"874 Messerschmidt Court",55441,INS5
PER351,Gaelan,Hawkswood,gaelan.hawkswood@creativecommons.org,1/12/2013,"89 Havey Drive",55444,INS2
PER352,Cassi,Arter,cassi.arter@google.co.jp,9/16/1997,"821 Eastlawn Center",55447,INS3
PER353,Ki,Francklyn,ki.francklyn@guardian.co.uk,9/19/2020,"07 Upham Pass",55447,INS1
PER354,Eda,Legrice,eda.legrice@csmonitor.com,8/12/2000,"5 Moose Circle",55448,INS4
PER355,Leese,McCrory,leese.mccrory@infoseek.co.jp,7/14/2007,"241 Sunbrook Place",55440,INS5
PER356,Honoria,Lavielle,honoria.lavielle@imgur.com,1/13/2014,"5 Swallow Lane",55445,INS3
PER357,Stanislaw,McKinlay,stanislaw.mckinlay@over-blog.com,12/17/1971,"2025 Pankratz Terrace",55447,INS5
PER358,Anna-maria,Curteis,anna-maria.curteis@house.gov,4/28/1972,"76729 Menomonie Drive",55447,INS2
PER359,Berget,Stollsteiner,berget.stollsteiner@wufoo.com,7/12/1985,"5 Troy Alley",55444,INS4
PER360,Baxy,Estevez,baxy.estevez@nydailynews.com,5/18/2014,"3 Loeprich Point",55449,INS1
PER361,Alejandra,Bleyman,alejandra.bleyman@ihg.com,11/27/2008,"8 Lighthouse Bay Way",55443,INS4
PER362,Ula,Cane,ula.cane@fotki.com,1/28/1997,"04 Roxbury Terrace",55449,INS3
PER363,Eduard,Whitnall,eduard.whitnall@wufoo.com,12/20/1985,"315 Crownhardt Crossing",55446,INS5
PER364,Joey,Adair,joey.adair@google.nl,3/17/2006,"5061 Mallard Plaza",55449,INS1
PER365,Garnette,Kurt,garnette.kurt@salon.com,3/3/2022,"93288 Esker Drive",55441,INS2
PER366,Ollie,Paquet,ollie.paquet@chronoengine.com,1/11/1976,"3 Blue Bill Park Avenue",55442,INS3
PER367,Delora,Chasemore,delora.chasemore@acquirethisname.com,7/20/1980,"451 Dennis Circle",55440,INS5
PER368,Stewart,Lamasna,stewart.lamasna@comsenz.com,6/1/1968,"2498 La Follette Court",55447,INS4
PER369,Sibylle,"Le Noury","sibylle.le noury@nsw.gov.au",7/31/1962,"68236 Hintze Point",55443,INS1
PER370,Launce,Lightollers,launce.lightollers@va.gov,3/31/1951,"8559 Pond Plaza",55442,INS2
PER371,Moina,Inkin,moina.inkin@adobe.com,8/13/1964,"2 Mallory Hill",55440,INS5
PER372,Maryrose,Pillifant,maryrose.pillifant@phoca.cz,12/21/1975,"2733 Memorial Avenue",55449,INS4
PER373,Dorothee,Strangward,dorothee.strangward@usatoday.com,8/28/1971,"60246 Cambridge Park",55448,INS3
PER374,Meghan,Gossington,meghan.gossington@sakura.ne.jp,8/13/1960,"207 Comanche Parkway",55440,INS1
PER375,Calley,Chaikovski,calley.chaikovski@blogtalkradio.com,9/11/1963,"264 Saint Paul Way",55446,INS2
PER376,Ferd,Balmadier,ferd.balmadier@nytimes.com,7/7/1958,"8823 Menomonie Plaza",55440,INS4
PER377,Aubine,Oiseau,aubine.oiseau@nature.com,4/11/1977,"8938 Mesta Trail",55447,INS2
PER378,Marta,Smalecombe,marta.smalecombe@reuters.com,10/1/2011,"497 Forest Run Circle",55446,INS3
PER379,Karalynn,Baumann,karalynn.baumann@nationalgeographic.com,10/22/2020,"39 Redwing Drive",55449,INS1
PER380,Allister,Surmon,allister.surmon@deliciousdays.com,5/24/1961,"70817 Barby Plaza",55445,INS5
PER381,Ettie,Bruff,ettie.bruff@blogtalkradio.com,1/30/1964,"3961 Sunfield Crossing",55445,INS5
PER382,Bengt,Beedle,bengt.beedle@washington.edu,11/9/1974,"91 Washington Place",55442,INS4
PER383,Ajay,Guinane,ajay.guinane@github.com,7/1/2017,"018 Huxley Alley",55445,INS1
PER384,Vonnie,Haggish,vonnie.haggish@wikispaces.com,12/20/2012,"0686 Lyons Circle",55444,INS3
PER385,Marthe,Yard,marthe.yard@biblegateway.com,10/26/2021,"72328 Bluestem Crossing",55448,INS2
PER386,Cross,Trimbey,cross.trimbey@51.la,10/24/1950,"860 Stang Crossing",55447,INS4
PER387,Carlee,Momery,carlee.momery@cnet.com,10/17/2015,"66709 Texas Hill",55449,INS2
PER388,Lise,Itzik,lise.itzik@sphinn.com,5/3/1998,"1 Mcguire Circle",55442,INS3
PER389,Maria,Marrion,maria.marrion@wufoo.com,11/22/2008,"3 7th Hill",55441,INS1
PER390,Carrol,Giacoboni,carrol.giacoboni@digg.com,1/2/2015,"04037 Autumn Leaf Lane",55445,INS5
PER391,Wendel,Bastable,wendel.bastable@dell.com,6/18/1953,"6 Melody Pass",55441,INS3
PER392,Marcille,Somerled,marcille.somerled@sourceforge.net,8/28/1997,"481 Fairview Trail",55448,INS1
PER393,Denys,Stoneman,denys.stoneman@upenn.edu,10/14/2017,"197 Pearson Terrace",55448,INS5
PER394,Amii,Alfwy,amii.alfwy@tripod.com,10/29/2010,"346 Kensington Drive",55444,INS4
PER395,Rivkah,Beamish,rivkah.beamish@alexa.com,4/14/2022,"64359 Stone Corner Plaza",55441,INS2
PER396,Janelle,Baptist,janelle.baptist@hubpages.com,8/1/1961,"72172 Towne Point",55444,INS1
PER397,Natty,Corkitt,natty.corkitt@toplist.cz,6/17/1973,"827 Hoard Way",55447,INS2
PER398,Lynn,Clunan,lynn.clunan@ucoz.com,11/8/2004,"1 Haas Pass",55447,INS4
PER399,Marga,Morales,marga.morales@rambler.ru,6/15/1964,"5893 Monterey Parkway",55441,INS5
PER400,Dana,Fernandez,dana.fernandez@over-blog.com,8/10/1978,"39988 Manley Drive",55441,INS3
PER401,Felipe,Tremoulet,felipe.tremoulet@nifty.com,2/11/2009,"599 Division Road",55445,INS3
PER402,Kassandra,Southerden,kassandra.southerden@drupal.org,5/31/2022,"34694 Vidon Hill",55448,INS2
PER403,Jedidiah,Hubbert,jedidiah.hubbert@google.nl,4/4/1951,"17108 International Drive",55445,INS4
PER404,Elvina,Jouhning,elvina.jouhning@1688.com,3/26/2015,"84697 Merchant Parkway",55440,INS1
PER405,Crosby,Danielsky,crosby.danielsky@wikipedia.org,3/2/2001,"66672 Dexter Court",55445,INS5
PER406,Aron,Cullimore,aron.cullimore@rambler.ru,11/2/2009,"09099 Dayton Circle",55440,INS2
PER407,Kaia,Bree,kaia.bree@wikimedia.org,6/18/1961,"62446 Hovde Plaza",55447,INS4
PER408,Nikkie,Skipton,nikkie.skipton@quantcast.com,4/20/2002,"2 Dovetail Lane",55443,INS1
PER409,Teirtza,Midlane,teirtza.midlane@wordpress.com,7/23/2010,"970 Killdeer Crossing",55441,INS3
PER410,Kylila,Huggan,kylila.huggan@microsoft.com,1/2/1972,"04 Lukken Alley",55442,INS5
PER411,Irv,Craven,irv.craven@wikimedia.org,5/22/1994,"17 Stang Place",55446,INS4
PER412,Paola,Renad,paola.renad@google.ca,10/25/1971,"589 Arrowood Court",55445,INS5
PER413,Booth,Hampson,booth.hampson@cam.ac.uk,3/3/2008,"95842 Service Hill",55447,INS3
PER414,Correy,Noulton,correy.noulton@wisc.edu,8/5/1959,"648 Quincy Park",55449,INS1
PER415,Jerrilee,Bycraft,jerrilee.bycraft@cpanel.net,5/12/1994,"7786 Bunting Crossing",55441,INS2
PER416,Emmery,Matityahu,emmery.matityahu@amazon.com,5/9/1999,"256 Donald Trail",55447,INS4
PER417,Randolf,Denziloe,randolf.denziloe@spotify.com,1/19/1970,"038 Dwight Point",55443,INS3
PER418,Donielle,Dunmore,donielle.dunmore@msu.edu,8/8/2013,"80 Canary Lane",55445,INS5
PER419,Valentine,Taudevin,valentine.taudevin@myspace.com,12/27/1998,"33 Morrow Road",55443,INS2
PER420,Farlie,Kingsbury,farlie.kingsbury@bluehost.com,2/24/1966,"7 Fordem Court",55444,INS1
PER421,Elvis,Hughlin,elvis.hughlin@yolasite.com,2/2/2009,"133 Ludington Circle",55444,INS5
PER422,Vivia,Minchell,vivia.minchell@oakley.com,5/17/2019,"99016 Barby Circle",55441,INS2
PER423,Lindy,Pellamont,lindy.pellamont@webmd.com,10/26/1960,"939 Jackson Pass",55442,INS1
PER424,Ryun,Espinosa,ryun.espinosa@unesco.org,9/19/1978,"2 Basil Avenue",55444,INS3
PER425,Ewan,Ellit,ewan.ellit@businessinsider.com,7/5/2014,"561 Ridgeview Trail",55441,INS4
PER426,Gareth,Camsey,gareth.camsey@hubpages.com,2/8/1949,"58086 Union Junction",55440,INS5
PER427,Hoyt,Armstead,hoyt.armstead@shareasale.com,6/10/1967,"310 Armistice Pass",55445,INS4
PER428,Dougie,Schwier,dougie.schwier@apache.org,4/14/1999,"4540 Burning Wood Crossing",55448,INS1
PER429,Angele,Alexsandrowicz,angele.alexsandrowicz@prlog.org,11/27/1987,"01640 Troy Parkway",55440,INS3
PER430,Brittany,Bamfield,brittany.bamfield@wikispaces.com,9/10/1959,"160 Bashford Road",55445,INS2
PER431,Had,Olyfat,had.olyfat@bandcamp.com,11/3/1984,"2441 Dorton Park",55448,INS5
PER432,Blondelle,MacNucator,blondelle.macnucator@nyu.edu,5/5/2001,"10 Carioca Point",55443,INS3
PER433,Dehlia,Morrott,dehlia.morrott@state.gov,7/3/2006,"13527 Northland Parkway",55447,INS4
PER434,Alanson,Hedlestone,alanson.hedlestone@bravesites.com,2/12/1968,"644 Glacier Hill Court",55448,INS1
PER435,Mohammed,Assante,mohammed.assante@kickstarter.com,4/10/1979,"12 Forster Hill",55449,INS2
PER436,Kacie,Hinemoor,kacie.hinemoor@prlog.org,12/21/1955,"5964 Holy Cross Plaza",55449,INS3
PER437,Davey,Burhouse,davey.burhouse@moonfruit.com,5/28/1997,"24066 Sloan Plaza",55445,INS4
PER438,Moses,Glasheen,moses.glasheen@google.co.jp,7/6/1971,"28955 Fieldstone Trail",55441,INS5
PER439,Harcourt,Titley,harcourt.titley@reference.com,7/23/2011,"3446 Melody Parkway",55448,INS1
PER440,Taddeusz,Mitskevich,taddeusz.mitskevich@marriott.com,3/8/2002,"428 Meadow Vale Center",55446,INS2
PER441,Myca,Pettegree,myca.pettegree@bizjournals.com,8/5/1954,"73 Commercial Terrace",55449,INS2
PER442,Darelle,Grewcock,darelle.grewcock@prweb.com,5/4/2000,"7 Arrowood Parkway",55448,INS3
PER443,Christen,Beebe,christen.beebe@elegantthemes.com,9/12/1958,"241 Melrose Point",55444,INS4
PER444,Thacher,Stollenhof,thacher.stollenhof@xing.com,3/27/1981,"6531 Meadow Valley Alley",55443,INS1
PER445,Puff,D'Hooghe,puff.d'hooghe@qq.com,7/11/2015,"431 Hagan Alley",55441,INS5
PER446,Elana,"De Stoop","elana.de stoop@cbsnews.com",10/14/1985,"244 Nevada Pass",55446,INS4
PER447,Andy,Sculley,andy.sculley@nih.gov,3/9/1949,"90 Ohio Point",55440,INS5
PER448,Nicolette,Zuker,nicolette.zuker@addtoany.com,11/18/1976,"70676 Burrows Place",55443,INS3
PER449,Damita,Mulliner,damita.mulliner@stanford.edu,3/20/1984,"5408 Brentwood Junction",55441,INS1
PER450,Janaye,Olohan,janaye.olohan@acquirethisname.com,3/17/1952,"3599 Prairieview Circle",55444,INS2
PER451,Sally,Matityahu,sally.matityahu@chicagotribune.com,9/11/1959,"13768 Fair Oaks Alley",55447,INS2
PER452,Oswell,Lockery,oswell.lockery@webnode.com,10/21/1950,"98 Straubel Drive",55442,INS5
PER453,Maury,Gehrels,maury.gehrels@free.fr,10/27/1996,"7354 Manitowish Alley",55447,INS3
PER454,Florance,Raywood,florance.raywood@prlog.org,11/12/2013,"543 Village Green Plaza",55441,INS4
PER455,Mab,Haggata,mab.haggata@opera.com,6/29/1973,"3 Anhalt Terrace",55448,INS1
PER456,Gaby,Gallard,gaby.gallard@yale.edu,4/5/1965,"70 Summit Road",55447,INS4
PER457,Zacharia,Durand,zacharia.durand@constantcontact.com,1/10/1960,"4 Manufacturers Place",55443,INS2
PER458,Thaine,Glentworth,thaine.glentworth@cmu.edu,12/17/2021,"9 Schmedeman Drive",55446,INS1
PER459,Nels,Catcherside,nels.catcherside@macromedia.com,10/31/1972,"326 Blue Bill Park Road",55443,INS3
PER460,Spenser,Murkus,spenser.murkus@google.ca,11/29/1960,"39677 Nova Trail",55449,INS5
PER461,Sarah,Biggans,sarah.biggans@mit.edu,10/22/2020,"3 Burrows Hill",55444,INS4
PER462,Berny,Tregidgo,berny.tregidgo@infoseek.co.jp,10/21/1983,"5 Fairfield Park",55449,INS2
PER463,Dickie,Adriaan,dickie.adriaan@xing.com,3/3/1983,"04 Troy Alley",55447,INS3
PER464,Nalani,Poat,nalani.poat@cargocollective.com,8/10/2012,"0992 Forest Run Junction",55442,INS1
PER465,Fenelia,Lines,fenelia.lines@weebly.com,1/8/1969,"25 Merry Court",55444,INS5
PER466,Mead,Orto,mead.orto@ask.com,9/22/2012,"17 Spenser Way",55449,INS5
PER467,Tandie,Shimon,tandie.shimon@chron.com,1/10/1986,"4015 Claremont Crossing",55441,INS1
PER468,Ward,Brewin,ward.brewin@japanpost.jp,8/15/2019,"65404 Manufacturers Street",55447,INS3
PER469,Paulo,Witherington,paulo.witherington@forbes.com,9/23/1995,"671 Bartillon Junction",55446,INS2
PER470,Michele,Muck,michele.muck@xrea.com,10/4/1949,"336 Del Sol Alley",55444,INS4
PER471,Glad,Duffit,glad.duffit@hubpages.com,3/23/1984,"48115 Stang Crossing",55443,INS5
PER472,Elfrida,Dwyr,elfrida.dwyr@fda.gov,2/5/1972,"1 Old Gate Crossing",55444,INS1
PER473,Corbett,Kloser,corbett.kloser@shop-pro.jp,12/22/2001,"223 Russell Point",55443,INS4
PER474,Josiah,Ronca,josiah.ronca@bizjournals.com,2/12/1970,"78369 Arrowood Park",55441,INS3
PER475,Myrtie,Esmond,myrtie.esmond@berkeley.edu,7/29/1993,"98 Shoshone Court",55441,INS2
PER476,Sigfrid,Courtes,sigfrid.courtes@purevolume.com,4/23/1981,"6657 Armistice Way",55440,INS1
PER477,Hyatt,Kernar,hyatt.kernar@howstuffworks.com,7/12/2000,"9679 Hoard Drive",55440,INS5
PER478,Sianna,"St Clair","sianna.st clair@linkedin.com",1/28/1963,"455 Manitowish Way",55449,INS2
PER479,Goldina,Faivre,goldina.faivre@stumbleupon.com,8/3/2004,"418 Thierer Drive",55448,INS4
PER480,Hedvige,Avarne,hedvige.avarne@addtoany.com,5/27/1970,"01 Hollow Ridge Place",55446,INS3
PER481,Johnny,Tailby,johnny.tailby@noaa.gov,9/22/1986,"340 Meadow Ridge Circle",55441,INS3
PER482,Julietta,Boshers,julietta.boshers@google.co.uk,12/3/1979,"1853 Londonderry Lane",55446,INS2
PER483,De,Skiggs,de.skiggs@dyndns.org,3/3/1991,"545 Forest Trail",55442,INS1
PER484,Cindie,Stoile,cindie.stoile@blogger.com,1/1/1984,"0492 Starling Pass",55440,INS5
PER485,Roobbie,Minors,roobbie.minors@cbsnews.com,3/18/1968,"62548 Hanover Terrace",55442,INS4
PER486,Maia,Suscens,maia.suscens@squarespace.com,9/16/1964,"7032 Dawn Crossing",55444,INS2
PER487,Darcey,Isacke,darcey.isacke@prweb.com,9/2/2000,"58308 Bayside Circle",55445,INS3
PER488,Welby,Francioli,welby.francioli@wordpress.org,12/18/1974,"593 Crownhardt Terrace",55447,INS5
PER489,Bertrando,Waldren,bertrando.waldren@parallels.com,5/3/1983,"205 Petterle Circle",55442,INS4
PER490,Roland,Neely,roland.neely@google.pl,10/27/1999,"61053 Sutherland Hill",55440,INS1
PER491,Gabriella,Enoksson,gabriella.enoksson@marketwatch.com,2/9/2000,"7 Arizona Center",55442,INS1
PER492,Price,Dahlgren,price.dahlgren@army.mil,8/14/2014,"8066 Sycamore Street",55448,INS2
PER493,Eamon,Hoggetts,eamon.hoggetts@sohu.com,7/8/1973,"2 Jenifer Circle",55445,INS5
PER494,Kris,Bleakman,kris.bleakman@mapy.cz,11/30/2004,"3968 Pennsylvania Drive",55441,INS3
PER495,Erich,Norbury,erich.norbury@virginia.edu,12/3/2013,"062 Old Gate Avenue",55446,INS4
PER496,Tyne,Pourveer,tyne.pourveer@angelfire.com,11/23/2003,"69 Lake View Trail",55446,INS3
PER497,Percy,Halsted,percy.halsted@flickr.com,4/5/1960,"4 Summit Court",55445,INS2
PER498,Flss,Glayzer,flss.glayzer@google.cn,5/20/1984,"90371 Lawn Point",55449,INS1
PER499,Pammi,Bru,pammi.bru@ca.gov,10/7/1986,"25758 Maryland Avenue",55443,INS5
PER500,Amanda,Gedling,amanda.gedling@github.com,9/19/1975,"9116 Swallow Park",55449,INS4
